model,rows,unique_prompts,total_input_tokens,total_output_tokens,total_tokens,total_input_cost_usd,total_output_cost_usd,total_cost_usd,avg_cost_per_prompt_usd,avg_input_tokens,avg_output_tokens,avg_total_tokens,estimated_cost_per_1000_prompts_usd
minimax/minimax-m2.7,180,180,59552,155774,215326,0.0178656,0.1869288,0.2047944,0.0011377466666666666,330.84444444444443,865.4111111111112,1196.2555555555555,1.1377466666666665
minimax/minimax-m2.5,180,180,59750,168388,228138,0.017925,0.20206559999999998,0.21999059999999998,0.0012221699999999999,331.94444444444446,935.4888888888889,1267.4333333333334,1.2221699999999998
minimax/minimax-m3,180,180,87470,169745,257215,0.026240999999999997,0.203694,0.229935,0.0012774166666666667,485.94444444444446,943.0277777777778,1428.9722222222222,1.2774166666666666
qwen/qwen3.7-plus,180,180,66086,364921,431007,0.026434400000000004,0.5838736,0.6103080000000001,0.0033906000000000006,367.14444444444445,2027.338888888889,2394.483333333333,3.3906000000000005
qwen/qwen3.6-plus,180,180,66086,325341,391427,0.033043,0.976023,1.009066,0.0056059222222222226,367.14444444444445,1807.45,2174.5944444444444,5.6059222222222225
qwen/qwen3.7-max,180,180,66086,340920,407006,0.165215,2.5569,2.722115,0.015122861111111111,367.14444444444445,1894.0,2261.1444444444446,15.122861111111112
