model,rows,failed_rows,failure_rate,avg_failure_count,high_latency_count,possible_truncations,empty_answers
minimax/minimax-m2.5,180,56,0.3111111111111111,0.5611111111111111,37,33,9
minimax/minimax-m2.7,180,51,0.2833333333333333,0.3888888888888889,30,28,0
minimax/minimax-m3,180,50,0.2777777777777778,0.3055555555555556,6,37,1
qwen/qwen3.6-plus,180,115,0.6388888888888888,0.9944444444444445,74,94,0
qwen/qwen3.7-max,180,139,0.7722222222222223,1.1611111111111112,76,120,0
qwen/qwen3.7-plus,180,129,0.7166666666666667,1.0888888888888888,78,106,0
