model,rows,avg_correctness,avg_completeness,avg_instruction_following,avg_hallucination_safety,avg_format_quality,avg_overall_quality
qwen/qwen3.7-plus,30,4.766666666666667,4.566666666666666,4.733333333333333,5.0,4.833333333333333,9.166666666666666
minimax/minimax-m2.7,30,4.733333333333333,4.566666666666666,4.833333333333333,5.0,4.8,9.133333333333333
qwen/qwen3.6-plus,30,4.7,4.4,4.633333333333334,5.0,4.733333333333333,8.833333333333334
minimax/minimax-m3,30,4.666666666666667,4.266666666666667,4.666666666666667,5.0,4.733333333333333,8.666666666666666
minimax/minimax-m2.5,30,4.566666666666666,4.233333333333333,4.5,5.0,4.666666666666667,8.566666666666666
qwen/qwen3.7-max,30,4.533333333333333,4.166666666666667,4.466666666666667,5.0,4.666666666666667,8.433333333333334
