model,rows,unique_prompts,avg_latency,median_latency,p95_latency,min_latency,max_latency,avg_input_tokens,avg_output_tokens,avg_total_tokens,total_tokens,avg_answer_chars,errors,empty_answers,possible_truncations
minimax/minimax-m2.5,180,180,16.08795,5.4795,56.67474999999995,0.702,126.266,331.94444444444446,935.4888888888889,1267.4333333333334,228138,1843.75,0,9,33
minimax/minimax-m2.7,180,180,13.655261111111113,5.779,49.462799999999994,0.937,106.558,330.84444444444443,865.4111111111112,1196.2555555555555,215326,2826.572222222222,0,0,28
minimax/minimax-m3,180,180,9.793066666666666,5.664,28.17439999999999,1.144,34.896,485.94444444444446,943.0277777777778,1428.9722222222222,257215,2740.5666666666666,0,1,37
qwen/qwen3.6-plus,180,180,34.35612222222222,20.755499999999998,94.97975,4.299,188.567,367.14444444444445,1807.45,2174.5944444444444,391427,2160.588888888889,0,0,94
qwen/qwen3.7-max,180,180,35.85587777777778,22.652,92.0434,4.935,130.536,367.14444444444445,1894.0,2261.1444444444446,407006,2486.7833333333333,0,0,120
qwen/qwen3.7-plus,180,180,39.81137222222222,24.625999999999998,115.54589999999997,5.406,221.46,367.14444444444445,2027.338888888889,2394.483333333333,431007,2210.116666666667,0,0,106
